id,name,email,phone
1,John Doe,john@example.com,1234567890
2,Jane Smith,jane.smith@gmail.com,9876543210
3,Mike J,mj@example.net,5555555555
Myrtle Keedy,3215188361,mkeedy3@4shared.com,16th Floor
Cori Pendre,5367864641,cpendre4@facebook.com,4th Floor
Jemie Binns,2299536534,,14th Floor
Bank Aitkin,1892198542,baitkin6@dell.com,Apt 458
Rhonda Philipard,9619284823,rphilipard7@gov.uk,Apt 1714
Darcee MacCafferty,4814145033,dmaccafferty8@businessweek.com,
Amory Normanell,7779644494,anormanell9@photobucket.com,Apt 968
Tore Noon,5068195783,,Suite 52
Nanete Brakewell,8341588647,nbrakewellb@wikimedia.org,PO Box 38990
Cathi Trewinnard,9217675136,ctrewinnardc@irs.gov,Suite 23
Fernandina Kubicek,9677348940,fkubicekd@weather.com,Apt 1502
Charil Krimmer,3513883023,ckrimmere@smugmug.com,Room 459
Vivienne Loy,7519217391,vloyf@macromedia.com,Suite 58
Elna Pudan,7428790366,epudang@nasa.gov,PO Box 95503
Holly Mart,6797585148,hmarth@foxnews.com,12th Floor
Cly Volette,3571436771,cvolettei@soundcloud.com,
Shir Riddoch,4306913356,sriddochj@paginegialle.it,PO Box 42590
Eddie Pinching,8458691222,epinchingk@cbslocal.com,PO Box 43780
Pinchas Frostdicke,3715771222,pfrostdickel@tripod.com,8th Floor
Maddy Addyman,5584693840,maddymanm@uiuc.edu,
Stanley Itzakson,2622724545,sitzaksonn@miibeian.gov.cn,Suite 55
Pyotr Leggat,1945341747,pleggato@yahoo.co.jp,Suite 10
Mickey Fetherston,2589621446,mfetherstonp@amazon.co.jp,Room 1677
Olivette Powell,3041189572,opowellq@oakley.com,Suite 68
Hasheem Thomtson,8131353533,hthomtsonr@amazon.co.jp,PO Box 1793
Mabelle Burnsyde,8936530202,mburnsydes@alibaba.com,PO Box 65047
Bernadette Polley,9447713529,bpolleyt@shareasale.com,Apt 1444
Alissa Lidgley,5131613016,alidgleyu@dedecms.com,9th Floor
Saw Paliser,5159789420,,Suite 35
Noll Giraldon,5871344993,ngiraldonw@fotki.com,13th Floor
Fenelia Zellick,6996560103,fzellickx@ucla.edu,20th Floor
Cloe Semeradova,9199441799,csemeradovay@theatlantic.com,16th Floor
Rodolph McReynold,2219110016,rmcreynoldz@blinklist.com,8th Floor
Jacquenetta Clemenza,1175967577,jclemenza10@godaddy.com,20th Floor
Berkley Esseby,4522596573,besseby11@facebook.com,Apt 750
Salomi Wendover,5611035546,swendover12@jimdo.com,
Diane-marie Segeswoeth,3083906843,dsegeswoeth13@fotki.com,20th Floor
Rhoda Blackford,8775042233,rblackford14@over-blog.com,16th Floor
Remington Swadlen,4538245714,rswadlen15@freewebs.com,Suite 73
Jobie Cosin,8822541273,jcosin16@123-reg.co.uk,PO Box 78010
Thurston Ladon,5423918070,tladon17@tripadvisor.com,Apt 832
Jermain Fawdery,5627101744,jfawdery18@mashable.com,Apt 1257
Dacia Drinkel,4498221576,ddrinkel19@paginegialle.it,Apt 1006
Dionisio Yitzowitz,5186697523,dyitzowitz1a@squarespace.com,13th Floor
Rutter Toffaloni,3454995203,rtoffaloni1b@360.cn,PO Box 29258
Merci Penlington,9584995681,mpenlington1c@who.int,Suite 55
Steve Minghella,3033400129,sminghella1d@mac.com,Apt 1988
Giovanni Cloney,8035778095,gcloney1e@xing.com,Suite 97
Alonso Ragsdale,7321739110,aragsdale1f@oracle.com,Suite 29
Sella Wey,1484541770,swey1g@huffingtonpost.com,4th Floor
,5092686914,mcristol1h@reuters.com,Room 201
Amalea Litherborough,1044998507,alitherborough1i@amazon.de,Apt 976
Mercie Feifer,7734124058,mfeifer1j@wufoo.com,PO Box 66373
Phillipp Crookshanks,7072359920,,5th Floor
Fayre Maleney,3845973697,fmaleney1l@comsenz.com,18th Floor
Herve Battelle,9492330381,,Room 850
Rockwell Bows,7957407056,rbows1n@huffingtonpost.com,19th Floor
Karry Bridgewood,7109672502,kbridgewood1o@narod.ru,
Caprice Whyborne,7035925178,cwhyborne1p@hao123.com,Suite 9
Tann McKenny,4064936355,tmckenny1q@desdev.cn,Apt 1632
Iormina Pennicard,9296549927,ipennicard1r@elegantthemes.com,Suite 33
Sunshine McCoy,5828096228,smccoy1s@google.co.uk,PO Box 80815
Kirk Viles,2121596292,kviles1t@jigsy.com,Room 1075
Ozzy Iles,2765093431,oiles1u@soundcloud.com,3rd Floor
Sydel Restieaux,5039654714,srestieaux1v@umich.edu,PO Box 31437
,7581113118,akellegher1w@businesswire.com,Suite 51
Oberon Tampen,2533728262,otampen1x@ucoz.ru,Suite 49
Nyssa Selesnick,1065262632,nselesnick1y@pcworld.com,Room 309
Peder Currie,9589233652,pcurrie1z@apple.com,Suite 24
Tally Bart,5397773213,tbart20@hugedomains.com,Suite 31
Gideon Treadway,3887607532,gtreadway21@cnet.com,3rd Floor
Karoly Macilhench,8756676361,kmacilhench22@g.co,Apt 537
Case Marzelle,9303865100,cmarzelle23@kickstarter.com,Suite 18
Ddene Thebeaud,4025893280,dthebeaud24@ucla.edu,
Consalve Horsfield,1351853988,chorsfield25@china.com.cn,Room 804
Valentine Cusack,2998529181,vcusack26@miitbeian.gov.cn,PO Box 35702
,8298702243,dkneeshaw27@china.com.cn,Room 1315
Caesar Robertelli,8484374787,crobertelli28@pen.io,PO Box 86758
Clerc Anfrey,7746885670,canfrey29@gmpg.org,Apt 1851
Lianne Glashby,2678165627,lglashby2a@imdb.com,Suite 63
Hasty Gentle,1812497803,hgentle2b@goodreads.com,Apt 633
Cordi Langforth,9809516494,clangforth2c@twitpic.com,PO Box 61921
Shannon Muslim,1615707003,smuslim2d@google.ru,5th Floor
Patsy Refford,4727496250,prefford2e@businessinsider.com,PO Box 9743
Hendrik Sisnett,2062198419,hsisnett2f@vistaprint.com,PO Box 20328
Priscella Hambidge,1647474582,phambidge2g@paypal.com,Apt 821
,4006337975,cseid2h@smugmug.com,Apt 1107
Corilla Ladel,7943613725,cladel2i@printfriendly.com,Room 1375
Findlay Caville,8906156697,fcaville2j@quantcast.com,Suite 9
,6262774849,dkaufman2k@thetimes.co.uk,Apt 897
Sibel Sworn,8897242233,ssworn2l@nifty.com,Apt 1188
Cristian Roman,7467859224,croman2m@comcast.net,4th Floor
Mallorie MacDwyer,9938666521,mmacdwyer2n@accuweather.com,Room 59
Sampson Pettisall,2689144982,spettisall2o@comsenz.com,Apt 809
Carroll Fudger,3579679511,cfudger2p@facebook.com,PO Box 92984
Dylan Aronowitz,3848335672,daronowitz2q@cbsnews.com,Room 1831
Sayre Repper,5438306641,srepper2r@cmu.edu,16th Floor
Granthem Cadlock,3526906494,gcadlock2s@trellian.com,Suite 18
Lyda de'-Ancy Willis,8283602224,ldeancy2t@topsy.com,Suite 44
Norman Silverson,2812129678,nsilverson2u@ameblo.jp,Suite 58
Lolly Judson,2029009200,ljudson2v@census.gov,2nd Floor
Justinian Skuce,7647992595,jskuce2w@moonfruit.com,Suite 25
,2639730660,fbaron2x@discuz.net,Room 1978
Niels Deaves,8313353280,ndeaves2y@senate.gov,Apt 990
Christine Sprouls,1092396217,csprouls2z@nymag.com,PO Box 17953
Sheppard Birds,1634980726,sbirds30@bloglovin.com,PO Box 96132
Byrann Maudsley,7582434835,bmaudsley31@paypal.com,Suite 2
Karoly Mumbeson,9892469643,kmumbeson32@cloudflare.com,3rd Floor
Idelle Carle,1336702090,icarle33@slashdot.org,PO Box 41571
Elyssa Whiscard,4425925364,ewhiscard34@illinois.edu,Suite 50
Jose Lunn,1555883758,jlunn35@wikimedia.org,Suite 91
Bord Giovannelli,8747127364,bgiovannelli36@nsw.gov.au,Room 196
,4023315600,garistide37@cnet.com,Suite 33
Clara Goosey,4671784649,cgoosey38@gov.uk,PO Box 26284
Juliette Andreone,1334380826,jandreone39@sakura.ne.jp,12th Floor
Niall Devennie,9262640113,ndevennie3a@newyorker.com,Suite 20
Brennen Roffe,6372384943,broffe3b@hexun.com,4th Floor
Viviana McIntee,6205419992,vmcintee3c@artisteer.com,PO Box 50426
Baryram Dansey,7679761081,bdansey3d@cargocollective.com,Room 41
Rhett Roscrigg,1295246740,rroscrigg3e@smugmug.com,16th Floor
Mallissa Bow,3009711424,mbow3f@posterous.com,Room 948
Lorry Crosthwaite,5045537641,lcrosthwaite3g@columbia.edu,PO Box 85616
Margalo Hamlington,6693538207,mhamlington3h@homestead.com,Apt 1728
Fanechka Malecky,9291100070,fmalecky3i@ow.ly,Apt 1694
Martica Robben,8085982547,mrobben3j@so-net.ne.jp,Suite 100
Nollie Slyvester,1336108097,nslyvester3k@ted.com,19th Floor
Bucky Aizic,7584943630,,Apt 530
Manon Mylan,5464381278,mmylan3m@omniture.com,PO Box 20989
Madeleine Rowntree,9732805116,mrowntree3n@whitehouse.gov,7th Floor
Winni Bouskill,9271638574,wbouskill3o@theglobeandmail.com,Room 771
Artair Rames,1627839823,arames3p@umich.edu,Room 558
Charlotta Ashwood,7015090186,cashwood3q@ca.gov,PO Box 15887
Krystal Physick,6188034525,kphysick3r@omniture.com,Apt 1611
Ronica Fasset,7454354164,rfasset3s@unc.edu,PO Box 99206
Rafaela Gurnell,2744765075,rgurnell3t@amazon.co.uk,12th Floor
Baudoin McChruiter,6277641785,bmcchruiter3u@clickbank.net,Apt 822
,4422497133,,Room 51
Ernst Briddock,1123956512,ebriddock3w@mashable.com,PO Box 97812
Idelle Scargle,7609432684,iscargle3x@eepurl.com,PO Box 92500
Travus Keightley,3555535706,tkeightley3y@accuweather.com,Suite 54
Teresita Buzek,2061514411,tbuzek3z@wiley.com,8th Floor
Bliss Janacek,4214715868,bjanacek40@wikispaces.com,PO Box 56256
Sarine Ciraldo,9511066128,sciraldo41@godaddy.com,Suite 30
Burt Webley,1258410626,bwebley42@seesaa.net,2nd Floor
Curran Cochet,6619458842,ccochet43@dedecms.com,Suite 73
Laurella Spiring,2339040474,lspiring44@51.la,12th Floor
Alli Colebourne,9027054042,acolebourne45@trellian.com,Apt 281
Selene Gillis,2635816138,sgillis46@xinhuanet.com,Suite 35
Gail Petrozzi,6007256273,gpetrozzi47@sphinn.com,PO Box 31948
Hayyim Dannel,1355413521,hdannel48@163.com,Room 1273
Perkin Moncreiff,5187195133,pmoncreiff49@histats.com,Apt 1492
Christoffer O'Spellissey,2489745248,cospellissey4a@technorati.com,Suite 79
Shaine McGuiness,3001017381,smcguiness4b@histats.com,Suite 99
Vitia Moulster,5582120688,vmoulster4c@google.co.jp,6th Floor
Johnna Vondrys,7058188858,jvondrys4d@gravatar.com,Apt 1059
Star Ollarenshaw,3656741776,sollarenshaw4e@telegraph.co.uk,Suite 75
Hy Ketteridge,9269965683,hketteridge4f@vistaprint.com,PO Box 89357
Kakalina Hulle,9717704901,khulle4g@ucla.edu,Apt 75
Auberon Starford,9678496289,astarford4h@google.ru,Suite 74
Joelynn Cottingham,9281857810,jcottingham4i@nydailynews.com,Room 1984
Lynette Haverty,2179527373,lhaverty4j@4shared.com,PO Box 10374
Marlowe Toma,5946781780,mtoma4k@reddit.com,PO Box 8603
Glynn Vasilmanov,2086007986,gvasilmanov4l@buzzfeed.com,Suite 12
Krisha McVie,5715769197,kmcvie4m@topsy.com,Suite 77
Bil Cliff,9797647919,bcliff4n@example.com,Suite 69
Shalna Nelson,9737615934,snelson4o@biblegateway.com,Room 858
Norry Barok,2496814656,nbarok4p@tuttocitta.it,Suite 69
Eddie Stife,6661093796,estife4q@scribd.com,Apt 656
Ina Mulran,4531257729,imulran4r@163.com,PO Box 51048
Jaimie Vicker,1501703055,jvicker4s@youku.com,Suite 97
Marshal Croisier,2909971421,mcroisier4t@latimes.com,Room 1565
Millicent Recher,6768033955,mrecher4u@slate.com,Room 365
Polly Cornil,6638771300,pcornil4v@4shared.com,Room 1563
Codie Mattusevich,3007531018,cmattusevich4w@cpanel.net,PO Box 30496
Bili Josephson,7536271098,bjosephson4x@tripod.com,Room 1490
Abigail Brittles,6542680241,abrittles4y@go.com,9th Floor
Chilton Jerdon,1774172928,cjerdon4z@qq.com,16th Floor
Maurizio Strettle,4575066205,,PO Box 39818
Iggy Rickis,1447660945,irickis51@pinterest.com,Room 1478
Yves Charlo,2718432639,ycharlo52@lulu.com,Room 1185
Eveleen Venning,4255829713,evenning53@mapy.cz,Suite 7
Abbie Pretswell,7691654215,apretswell54@phoca.cz,Suite 98
Antonie Davidde,7692735023,adavidde55@globo.com,Apt 1188
Huntley Henri,2088585363,hhenri56@netscape.com,PO Box 25234
Sherlocke Akred,4991124957,,Suite 16
Waiter Edmands,8864196528,wedmands58@seattletimes.com,Apt 1464
Cami Eliaz,8629217317,celiaz59@bloglines.com,Apt 1796
Avram McRonald,3473187486,amcronald5a@woothemes.com,9th Floor
Irv Farrin,9286858173,,Suite 79
,2701738783,rbacon5c@technorati.com,PO Box 60292
Viviana Pestor,9038101972,vpestor5d@creativecommons.org,Room 647
Juan Janosevic,6486681044,jjanosevic5e@google.nl,Suite 87
Roanna Lebang,6121613736,rlebang5f@mac.com,PO Box 75706
Faun Fehners,4843202865,ffehners5g@angelfire.com,Apt 235
Lukas McCandie,2987788480,lmccandie5h@whitehouse.gov,3rd Floor
Karel Rickards,6807752513,krickards5i@freewebs.com,Suite 1
Alanna Feldhuhn,2345918930,afeldhuhn5j@blogspot.com,PO Box 17028
Lisetta Clyant,6634334828,lclyant5k@pinterest.com,Room 1171
Willem Verbeek,6264637806,wverbeek5l@youtu.be,Apt 67
Nahum Lavallie,8453095546,nlavallie5m@qq.com,Apt 518
,8049155710,ainder5n@google.fr,Apt 1017
Devonna Stabler,3071559504,dstabler5o@wordpress.org,9th Floor
,8142572997,cmchardy5p@boston.com,Suite 38
Rufus Shawcross,6303903382,rshawcross5q@arstechnica.com,PO Box 58133
Harlie Mulder,7217861535,hmulder5r@blogs.com,2nd Floor
Ailyn Boddam,7105493088,aboddam5s@fastcompany.com,PO Box 30964
Marnie Bartunek,9594781251,mbartunek5t@clickbank.net,17th Floor
Moyna Askew,5042415261,maskew5u@tripadvisor.com,20th Floor
Rowen Nanninini,3785483131,,PO Box 57045
Gram Jefferson,2569486571,gjefferson5w@telegraph.co.uk,Suite 12
Penni Deathridge,6083676620,pdeathridge5x@over-blog.com,Room 808
Chantalle Halbert,6478791140,chalbert5y@netlog.com,Room 44
Trever Benoy,9291539633,tbenoy5z@geocities.com,Room 199
Giuditta Whorlton,7124827933,gwhorlton60@archive.org,PO Box 79750
Camilla Enstone,9059414155,censtone61@archive.org,Suite 86
Nappie Keitley,4589495206,nkeitley62@ihg.com,Room 1866
Daloris Di Maggio,7473272964,ddi63@japanpost.jp,13th Floor
Claudina Brognot,9551256506,cbrognot64@wired.com,Apt 548
Caria Rosettini,4616411588,crosettini65@360.cn,Apt 1580
Gabie Lindner,5635874234,glindner66@twitpic.com,PO Box 25482
,4772490075,apurcell67@timesonline.co.uk,Suite 77
Woodman Buttrum,3586987606,wbuttrum68@twitter.com,PO Box 97650
Kristopher Henryson,2424312612,khenryson69@japanpost.jp,Room 196
Tedie Petrov,9386575083,tpetrov6a@webnode.com,PO Box 46977
Trudey Seiffert,6132551142,tseiffert6b@vkontakte.ru,6th Floor
Aharon Thomsen,7625303264,,5th Floor
Christophe Adamczyk,3968543932,cadamczyk6d@hhs.gov,Room 604
Ericha Dibbe,9041430951,edibbe6e@oaic.gov.au,Room 646
Jabez Kleanthous,2687249384,jkleanthous6f@multiply.com,Room 1085
Tammy Deery,3214354812,tdeery6g@freewebs.com,15th Floor
Stefa Trunby,6507075970,strunby6h@vkontakte.ru,6th Floor
Zorine Crat,3694733460,zcrat6i@w3.org,
Blancha Lasham,2168876723,blasham6j@yolasite.com,Room 207
Corabel Ebdin,6162850260,cebdin6k@psu.edu,Suite 97
Dougie Yurenin,2422838693,dyurenin6l@privacy.gov.au,Apt 155
Abie Clancy,4041277659,aclancy6m@dyndns.org,PO Box 4025
Allyn Gulc,2069488367,agulc6n@unc.edu,PO Box 61264
Cordi McChesney,7137608762,cmcchesney6o@howstuffworks.com,5th Floor
,3265739456,gvaar6p@ameblo.jp,PO Box 61399
Domenico Lintall,8043638509,dlintall6q@barnesandnoble.com,PO Box 3449
Raviv Connaughton,3131318579,rconnaughton6r@pinterest.com,Room 522
Kenneth Dust,1611768103,kdust6s@nydailynews.com,15th Floor
Shanda Stammer,9991758235,sstammer6t@newsvine.com,Apt 1945
Kinnie Shepton,1464060500,kshepton6u@bandcamp.com,
Giuditta Marrion,3085098430,gmarrion6v@seattletimes.com,PO Box 84739
,4107136198,,PO Box 83777
Irena Silvers,2625510596,isilvers6x@squidoo.com,PO Box 48699
Leonidas Woollhead,4023295975,lwoollhead6y@pagesperso-orange.fr,Room 192
Jinny Ferier,5296461379,jferier6z@jigsy.com,
Aurore Deniscke,9555406866,adeniscke70@jiathis.com,Room 729
Alta Caras,1703581935,acaras71@ustream.tv,Suite 33
Melisa MacTerlagh,2384756465,mmacterlagh72@usgs.gov,Suite 54
Krissy Kasbye,9115969436,kkasbye73@pbs.org,Apt 587
Georgianna Ladlow,7957870738,gladlow74@washington.edu,PO Box 6970
Zachary Growy,5034093773,zgrowy75@bloglovin.com,Room 218
Norrie Huckel,8012232552,nhuckel76@ox.ac.uk,Room 1562
Lynde Cicutto,7103220919,lcicutto77@kickstarter.com,Suite 6
Ivor Fitzsimon,7551745745,ifitzsimon78@economist.com,Apt 1962
Mufi Triplett,6619801768,mtriplett79@issuu.com,Suite 89
Tiebout Shackelton,5014725229,tshackelton7a@theglobeandmail.com,PO Box 26935
Avram Cawkill,2349309886,acawkill7b@t-online.de,19th Floor
Tony Croisier,6003436459,tcroisier7c@shinystat.com,PO Box 31418
Dulce Ouslem,9333874758,douslem7d@wikia.com,PO Box 265
Regan Speller,7473894966,rspeller7e@washingtonpost.com,Apt 1032
Davy Bofield,6635579907,dbofield7f@independent.co.uk,Room 1200
Justino Wyrill,3823282706,jwyrill7g@is.gd,Room 1772
Daren Chrisp,7778093723,dchrisp7h@github.com,Apt 237
Cassaundra Tampion,1902944913,ctampion7i@java.com,Suite 46
Jackson Gibson,6366669727,jgibson7j@xrea.com,PO Box 41271
Diarmid Atchly,2043549542,datchly7k@rediff.com,Room 561
Meryl Simonich,9959980399,msimonich7l@sun.com,PO Box 34294
Hyacinthia Kilmary,6576248032,hkilmary7m@scribd.com,Room 345
Mickey Riddick,7656964799,mriddick7n@goo.ne.jp,Room 1035
Arlee Dunderdale,9138953595,adunderdale7o@google.co.jp,Apt 430
Alick Carik,4063070524,acarik7p@tuttocitta.it,PO Box 23999
Britni Archibald,4079916545,barchibald7q@java.com,Room 93
Meyer Nardoni,4946860314,mnardoni7r@netscape.com,Suite 37
Odilia Lyptratt,4334593701,olyptratt7s@typepad.com,Apt 1812
Gilbertine Fawks,7722224712,gfawks7t@51.la,PO Box 91395
Donella Golsby,9566668338,dgolsby7u@unesco.org,19th Floor
Elissa Hendrick,1571776661,ehendrick7v@walmart.com,Suite 23
Kevyn Heers,9191951118,kheers7w@webnode.com,Suite 18
Chrissie Pallister,5365204564,cpallister7x@sohu.com,12th Floor
,2519171095,lhaddinton7y@twitter.com,Suite 69
Lanie Gittis,3905445370,lgittis7z@wufoo.com,17th Floor
Terra Stanlock,3862488317,tstanlock80@shinystat.com,Room 1338
Reube Shotboulte,3301434894,rshotboulte81@ebay.com,20th Floor
Odo Redgewell,2713517046,oredgewell82@independent.co.uk,PO Box 30896
Anastasie Feavers,5378596876,afeavers83@redcross.org,Room 887
Stefania Tender,9303439103,stender84@gizmodo.com,Room 14
Frederic McIlheran,3712722862,fmcilheran85@pagesperso-orange.fr,3rd Floor
Lanni Bartlet,1571010083,lbartlet86@forbes.com,Suite 90
Craig Adriaan,9093805656,cadriaan87@jigsy.com,Suite 1
Zelig Gavan,2588347990,zgavan88@berkeley.edu,Room 14
Emanuele Goldspink,9088059187,egoldspink89@youtu.be,
Minetta Philipsohn,2547195592,mphilipsohn8a@vistaprint.com,Room 1689
Staffard Horley,1133081818,shorley8b@businesswire.com,PO Box 8785
Whit Vellden,1661399152,wvellden8c@indiegogo.com,PO Box 14532
Homer Durdan,3832415003,hdurdan8d@dailymail.co.uk,Room 800
Archibaldo McCambridge,7735596844,amccambridge8e@paginegialle.it,PO Box 20987
Stearn Carff,7401422550,,PO Box 48868
Tamra Thurstance,3317372275,tthurstance8g@hao123.com,Room 739
Von Overil,9473065311,voveril8h@tumblr.com,PO Box 5004
Marianne Connah,7938360839,mconnah8i@posterous.com,Suite 82
Stafford Coffin,4831840984,scoffin8j@newsvine.com,Room 106
Aloysia Orfeur,9639558806,aorfeur8k@msu.edu,Apt 1495
,4855483501,wstapells8l@parallels.com,2nd Floor
,7527437257,hdavidek8m@wordpress.org,PO Box 1229
Jedediah Fraczak,2542433877,jfraczak8n@youtu.be,Apt 989
Brew Tongs,6078252013,btongs8o@google.fr,7th Floor
Currey Semiraz,3405863288,csemiraz8p@admin.ch,11th Floor
Durward Middleweek,1093078320,dmiddleweek8q@histats.com,Apt 973
Oriana Philot,8159533435,ophilot8r@vk.com,8th Floor
Trula Courtenay,2001804329,tcourtenay8s@princeton.edu,Apt 59
Averyl Pickance,9597682128,apickance8t@is.gd,
Ozzie Rake,5529963290,orake8u@state.tx.us,11th Floor
Jennilee Waddell,5668076315,jwaddell8v@baidu.com,Apt 1263
Elora Offener,1137143051,eoffener8w@bbc.co.uk,5th Floor
Daune Casa,5507695121,,Apt 313
Fidela Steet,8004375197,fsteet8y@mapy.cz,4th Floor
Worthington McAllaster,1838406074,wmcallaster8z@jigsy.com,Apt 1235
Saudra Daice,7882548337,sdaice90@bbb.org,Suite 14
Ave Suermeier,6807494523,asuermeier91@gnu.org,PO Box 49585
Lulu Fildery,9819536805,lfildery92@webeden.co.uk,PO Box 73572
Ebeneser Nestor,8433410831,enestor93@businessweek.com,11th Floor
Tito Benneton,5475034865,,Apt 1449
Norina Tatford,4511073517,ntatford95@yolasite.com,Suite 48
Lynda Schulken,3951509835,lschulken96@phpbb.com,Apt 1761
Kele McKitterick,3655871440,kmckitterick97@clickbank.net,PO Box 86462
Daffi Roulston,3806758389,droulston98@jiathis.com,Room 798
Nady Mossdale,4607888288,nmossdale99@fastcompany.com,Room 1029
Sella Siely,9331229408,ssiely9a@plala.or.jp,Apt 1454
Annalise McMinn,7813491067,amcminn9b@yahoo.com,PO Box 93400
Cherri Patrone,9377061101,cpatrone9c@addtoany.com,3rd Floor
Christabel Henzley,7629699893,chenzley9d@geocities.jp,PO Box 57764
Benyamin Todman,7535702225,btodman9e@msn.com,Suite 48
Quent Eason,4558974457,qeason9f@desdev.cn,
Nerte Cutteridge,9181972693,ncutteridge9g@usnews.com,Room 230
Mohandas Meletti,9295454156,mmeletti9h@google.pl,PO Box 18712
Elmore Clyne,9911948204,eclyne9i@uol.com.br,Room 1042
Chancey Clemenzo,3343829765,cclemenzo9j@pagesperso-orange.fr,Room 1500
Danya Dessent,9169423812,ddessent9k@ifeng.com,Suite 5
Elliot Ingerfield,4054442087,eingerfield9l@cbc.ca,Room 766
Robinson Sheeran,9802893552,rsheeran9m@arizona.edu,PO Box 82066
Wrennie MacEnelly,1553157248,wmacenelly9n@hp.com,6th Floor
Duane Checchetelli,1385095194,dchecchetelli9o@hao123.com,Suite 51
Koo Francescotti,7428598031,kfrancescotti9p@gravatar.com,Suite 19
Augy Fisbey,4314141870,afisbey9q@freewebs.com,PO Box 15590
Jacenta Arndell,1647687966,jarndell9r@earthlink.net,Suite 21
Gerick Esh,6258204759,gesh9s@nbcnews.com,PO Box 59665
Amaleta Tatterton,9504694332,atatterton9t@hud.gov,4th Floor
Dasi Geaves,5712118124,dgeaves9u@taobao.com,Apt 1960
Jerrie Lecointe,5009896821,jlecointe9v@gizmodo.com,PO Box 14577
Robinia Turford,6607760614,rturford9w@odnoklassniki.ru,2nd Floor
Cecily Tremmil,8758609617,ctremmil9x@mtv.com,Apt 1643
Gabrielle Sutherby,9386379142,gsutherby9y@fotki.com,Apt 1961
Kylie Cordaroy,5935611878,kcordaroy9z@comcast.net,Room 697
,1567239351,lstainesa0@google.pl,Suite 6
Barbette Lanchberry,2319255301,blanchberrya1@soundcloud.com,Apt 690
Timoteo Corrado,4382767304,tcorradoa2@earthlink.net,Apt 1997
Reider Cardinale,5815390641,rcardinalea3@1und1.de,9th Floor
Clarey Palek,2944790857,cpaleka4@devhub.com,Apt 255
Lucio Lehr,8747328757,llehra5@zimbio.com,PO Box 55967
Humphrey Fossett,1222800447,hfossetta6@ovh.net,PO Box 62014
Cindi Skehan,4224931186,cskehana7@amazon.co.jp,PO Box 46241
Horten Becaris,1443323197,hbecarisa8@odnoklassniki.ru,Apt 1677
Willy Menichino,5092214527,,Suite 42
Averil O'Quin,2396990291,aoquinaa@marketwatch.com,Apt 1333
Carla Drivers,6538083498,cdriversab@1688.com,Room 854
Daria Cornhill,4349015143,dcornhillac@tiny.cc,PO Box 52270
Ardene Elphey,6108648509,aelpheyad@myspace.com,3rd Floor
Rorie Shorrock,7178963550,rshorrockae@printfriendly.com,Apt 137
Liane Elstow,4269542044,lelstowaf@npr.org,17th Floor
Clotilda Lambden,3955290785,clambdenag@discovery.com,PO Box 57318
Delmor Jardin,8908530987,djardinah@dion.ne.jp,Apt 662
Kissiah Munkley,5418636611,kmunkleyai@ustream.tv,Suite 54
,2703529955,bbarwackaj@digg.com,Apt 1358
Odelia Pignon,2138856957,opignonak@msu.edu,Room 475
Rustin Gibb,2469219202,rgibbal@about.me,Apt 570
Helen-elizabeth MacLure,7778038556,hmacluream@purevolume.com,Room 1470
Lisette Corrao,2268339183,lcorraoan@gov.uk,Room 662
Jill Wenham,7108025086,jwenhamao@oracle.com,Apt 46
Susette Padfield,8886703173,spadfieldap@altervista.org,Room 1798
Hendrick Isoldi,9344028906,hisoldiaq@exblog.jp,4th Floor
Sheri Mattock,6895028132,smattockar@fc2.com,PO Box 43565
Valeda Leathley,5395993708,vleathleyas@mozilla.com,Suite 31
Kandace Pancost,4819524540,kpancostat@chicagotribune.com,PO Box 14270
,1353948385,jphelpau@bloglines.com,Room 161
Franny Kubu,7039778056,fkubuav@google.nl,Room 1530
Raimondo Kellard,5725131436,rkellardaw@domainmarket.com,Apt 332
Carmon Hovert,8235968847,,PO Box 93860
Genia Fonzo,9424296034,gfonzoay@lulu.com,Room 466
Christian Boughtwood,8325448464,cboughtwoodaz@google.com,Suite 37
Mollee Dupoy,7581489180,mdupoyb0@independent.co.uk,PO Box 35959
,5154931388,mmandreb1@google.com.au,Room 851
Masha Bleasby,2587904416,mbleasbyb2@boston.com,PO Box 91928
Otto Kimbury,6078303645,okimburyb3@cbc.ca,20th Floor
Kit Gerhardt,2951056113,kgerhardtb4@huffingtonpost.com,Apt 1097
Rubia Keele,2613926771,rkeeleb5@1688.com,Room 1838
Lucinda Bencher,8114264771,lbencherb6@amazon.com,
Opaline Lively,9159867740,olivelyb7@businesswire.com,Apt 530
Tobie Viney,6336448503,tvineyb8@ted.com,17th Floor
Shelby Crickmore,6545887279,scrickmoreb9@csmonitor.com,Suite 60
,6169364346,lstrodderba@histats.com,Room 1620
Massimo Durban,4946148678,mdurbanbb@reddit.com,Suite 79
Meggie Withull,5792698999,mwithullbc@freewebs.com,PO Box 68488
Brander Geering,9297811082,bgeeringbd@dyndns.org,PO Box 69237
Taylor Stapford,7903950859,tstapfordbe@cpanel.net,PO Box 76334
,7076505224,apearnbf@eepurl.com,11th Floor
Chloette Rosewall,8112733431,crosewallbg@wordpress.org,Room 374
Penn McNair,9519214834,pmcnairbh@buzzfeed.com,PO Box 46017
Jobina Weller,7937103487,jwellerbi@zdnet.com,8th Floor
Sallyanne Ashcroft,5185607279,sashcroftbj@ifeng.com,2nd Floor
Erasmus Manneville,2648378879,,Room 1123
Egon Loveredge,5529848788,eloveredgebl@feedburner.com,Suite 71
Elena McGettigan,4634340246,emcgettiganbm@creativecommons.org,20th Floor
Susann Ovendon,2483213552,sovendonbn@t-online.de,Apt 918
Eleen Marcinkus,9341578523,emarcinkusbo@engadget.com,PO Box 85603
Cynthia Wren,3375314436,cwrenbp@unblog.fr,PO Box 35572
Lancelot Struther,8492166911,lstrutherbq@qq.com,Suite 71
Arlena Veart,8358533326,aveartbr@jalbum.net,PO Box 32312
Barr Hamilton,5704230217,bhamiltonbs@tuttocitta.it,20th Floor
Jolyn Becken,5888697878,jbeckenbt@time.com,PO Box 24147
Deina Leupoldt,2205877960,dleupoldtbu@forbes.com,Room 553
Lissie Perrins,1139252640,lperrinsbv@google.de,Suite 25
Binni Leonarde,5039027844,bleonardebw@msu.edu,PO Box 5846
Monte Fleetwood,4197512312,mfleetwoodbx@example.com,Room 1457
Nikolos Gitsham,9741958786,ngitshamby@dagondesign.com,Suite 32
Culley Lared,4588981814,claredbz@liveinternet.ru,Suite 10
Cindelyn Fevers,4622565539,cfeversc0@deliciousdays.com,Room 459
Joshuah Criple,4649203382,jcriplec1@dedecms.com,15th Floor
Moll McHardy,9583004243,mmchardyc2@github.io,Suite 27
Dulcine Lenoir,2079539321,dlenoirc3@hubpages.com,Suite 35
Fidel Cridlon,4756872693,fcridlonc4@a8.net,1st Floor
Reena Corbridge,2375365420,rcorbridgec5@sitemeter.com,11th Floor
Caresa Littlejohns,9404190571,clittlejohnsc6@fc2.com,17th Floor
Sammy Freak,4122486371,sfreakc7@mayoclinic.com,Apt 1693
Cyndia Hevey,2307644501,cheveyc8@yandex.ru,Suite 85
Rhonda Lamprey,3787129797,rlampreyc9@hibu.com,Suite 41
Athena Inkpen,4991994912,ainkpenca@vk.com,
Kingston Maiden,5316086609,kmaidencb@army.mil,Room 116
Farah Loftie,1025970848,floftiecc@washington.edu,
Maryrose Cawtheray,6168220774,mcawtheraycd@ycombinator.com,Room 80
Ardine Caspell,3704797384,acaspellce@yahoo.com,
Fawne Lamartine,8978956287,flamartinecf@jugem.jp,Room 375
Gustavo Byard,6059040477,,Apt 1427
Ileana Butland,3303431890,ibutlandch@desdev.cn,Suite 48
Candice Forlonge,9694741495,cforlongeci@squarespace.com,Suite 4
Jilleen Lesser,2266923451,jlessercj@irs.gov,Suite 98
Kalila Sennett,8966578079,ksennettck@soup.io,PO Box 98536
Benedetto Halleday,6475970828,bhalledaycl@illinois.edu,Room 708
Jasun Bruff,9757929569,jbruffcm@webnode.com,Suite 28
Alayne Kruger,1297379700,akrugercn@netscape.com,Apt 469
Sergent Paulon,2106202242,spaulonco@utexas.edu,PO Box 70203
Cecilio Oldman,5601105323,coldmancp@mayoclinic.com,PO Box 27069
,3107841874,sbindercq@quantcast.com,PO Box 28462
Alene Erskin,7984136432,aerskincr@elpais.com,Suite 36
Sunny Bebis,5589043726,sbebiscs@goo.gl,Suite 20
Netti Edgcumbe,6689714998,nedgcumbect@g.co,Room 275
Vilhelmina Bett,6101442664,vbettcu@google.co.uk,Apt 1463
Marketa Frisch,6013562498,,PO Box 59803
Babbie Schruyer,6229041058,bschruyercw@vinaora.com,PO Box 70371
Danny Gordge,2437914082,dgordgecx@phpbb.com,Apt 1013
Charleen Imorts,4262805552,cimortscy@techcrunch.com,
Raul Ruck,2922423308,rruckcz@etsy.com,Suite 3
Papagena Fauning,1802912985,pfauningd0@1und1.de,Apt 689
,8308491243,brallind1@ucoz.com,Apt 696
Ignaz Dashwood,5337584610,idashwoodd2@mail.ru,PO Box 42662
Dewey Blades,7875304429,dbladesd3@reverbnation.com,Room 162
Lon Pickburn,6963760544,lpickburnd4@ftc.gov,Room 1256
Mollee Rigbye,5031749078,mrigbyed5@i2i.jp,12th Floor
Sylvan Heims,4187321732,sheimsd6@acquirethisname.com,1st Floor
Stanley Cowup,7821851412,scowupd7@indiegogo.com,Suite 57
Cheri Halsall,5073350064,chalsalld8@g.co,Room 1907
Bryna Rentelll,7826097877,brentellld9@com.com,18th Floor
Olly MacDermot,3757452588,omacdermotda@plala.or.jp,Room 828
Dorene Schimank,3158036570,dschimankdb@nhs.uk,PO Box 83181
Suzanne Lassell,1081389767,slasselldc@purevolume.com,3rd Floor
Sanders Herrema,9499429299,sherremadd@google.com.au,Room 1247
Della Dobbs,5189357019,ddobbsde@fc2.com,Suite 61
Terrel Sweetzer,9274964270,tsweetzerdf@devhub.com,Apt 1755
Oralla Salway,2053766417,osalwaydg@tinyurl.com,Apt 720
Ardith Connichie,4554277693,aconnichiedh@telegraph.co.uk,PO Box 53589
Siobhan Bach,7565893713,sbachdi@networkadvertising.org,PO Box 37251
Damaris Winnett,8718763042,dwinnettdj@ibm.com,Suite 38
Janela Guitel,3391799543,jguiteldk@google.de,3rd Floor
Willdon Trewhela,4797773855,wtrewheladl@seesaa.net,Apt 76
Niles Parham,2809443994,nparhamdm@rambler.ru,Room 93
Arvy Cluckie,3885897290,acluckiedn@accuweather.com,Suite 21
Livy Vaudrey,7021030433,lvaudreydo@discovery.com,PO Box 14751
Nita Minchinton,8184802091,nminchintondp@google.es,Suite 77
Tersina Kennerley,7881661117,tkennerleydq@mit.edu,18th Floor
Gardie Grellis,8478843165,ggrellisdr@house.gov,
Lila Ferrettino,7561997443,lferrettinods@sciencedirect.com,5th Floor
Kearney Linne,6387531372,klinnedt@github.io,Apt 1178
Diahann Haxbie,9363558466,dhaxbiedu@sakura.ne.jp,Apt 1183
Cleavland Oxley,7771628236,coxleydv@quantcast.com,Apt 1165
Tisha Pacey,7034787185,tpaceydw@hibu.com,
Diannne McLernon,9865233526,dmclernondx@mlb.com,Room 1002
Lamar Glandfield,2881800411,lglandfielddy@tinyurl.com,15th Floor
Kristi Torricina,8962461217,ktorricinadz@netlog.com,5th Floor
Quinta Osorio,6288616739,qosorioe0@army.mil,18th Floor
Steffane Girardetti,6141477307,sgirardettie1@imageshack.us,Apt 83
Payton Murrum,1265501556,pmurrume2@npr.org,
Coralyn Rozenzweig,6439470624,crozenzweige3@discovery.com,Apt 322
,1015329320,fsussanse4@cargocollective.com,Room 1424
Fidole Pettinger,8996286149,fpettingere5@aol.com,Apt 1565
Cassie Dufore,7988752756,cduforee6@dion.ne.jp,18th Floor
Mariam Lehrer,6323139352,mlehrere7@flavors.me,18th Floor
Maribelle Deble,1427104912,mdeblee8@fema.gov,Apt 368
Niccolo Hegerty,3448511879,,PO Box 78697
Corrie Joslow,9112406710,cjoslowea@loc.gov,Room 1226
Brok Hawksworth,2578154159,bhawkswortheb@angelfire.com,
Muhammad Hamstead,1444531714,mhamsteadec@facebook.com,Apt 1180
Onida Habbert,6412424818,ohabberted@jalbum.net,PO Box 23183
Dino Albion,4029943329,dalbionee@columbia.edu,Suite 97
,9794397831,abangef@diigo.com,Suite 21
Inger Montes,4437862306,imonteseg@angelfire.com,Apt 617
Sydney Grocott,8065725617,sgrocotteh@pbs.org,17th Floor
Valle Kenan,7929180059,vkenanei@sciencedaily.com,Suite 19
Arty Leaburn,2989626799,aleaburnej@digg.com,PO Box 13670
Moshe Guarnier,3889787843,mguarnierek@github.io,10th Floor
Bryant Paladini,3157176327,bpaladiniel@phpbb.com,Room 1911
Hugues Bilham,8023240896,hbilhamem@nymag.com,Room 765
Regen Strongitharm,3924608160,rstrongitharmen@hexun.com,
Haywood Dugget,8721423314,hduggeteo@skype.com,
Kaycee Vassie,4231276403,kvassieep@spotify.com,Apt 1431
Dorene Ramshaw,3275001018,dramshaweq@biglobe.ne.jp,PO Box 61720
Kelbee Raffon,6692027473,kraffoner@slashdot.org,Suite 82
Sherline Lavrick,1403516304,slavrickes@webmd.com,Room 949
D'arcy Gabbidon,2656882941,dgabbidonet@yale.edu,17th Floor
,6767972938,rgoalbyeu@deliciousdays.com,Suite 93
Keane Leighton,3829176938,kleightonev@cbc.ca,PO Box 93365
Melitta Benedettini,9019773351,,Room 1254
Isadore Fattorini,1668943365,,Apt 706
Carroll Markus,7494974811,cmarkusey@nhs.uk,PO Box 66416
Keelby Hyett,7275906115,khyettez@hhs.gov,Room 1050
Krista Brunn,2727225956,,4th Floor
Wat Whale,1275682770,wwhalef1@moonfruit.com,7th Floor
Sawyer Covington,8454237181,scovingtonf2@umich.edu,16th Floor